GAME DATE,WEEK,AWAY TEAM,HOME TEAM
9/5/2012,01,DALLAS COWBOYS,NEW YORK GIANTS
9/5/2012,01,DALLAS COWBOYS,NEW YORK GIANTS
9/9/2012,01,SEATTLE SEAHAWKS,ARIZONA CARDINALS
9/9/2012,01,SEATTLE SEAHAWKS,ARIZONA CARDINALS
9/9/2012,01,INDIANAPOLIS COLTS,CHICAGO BEARS
9/9/2012,01,INDIANAPOLIS COLTS,CHICAGO BEARS
9/9/2012,01,PHILADELPHIA EAGLES,CLEVELAND BROWNS
9/9/2012,01,PHILADELPHIA EAGLES,CLEVELAND BROWNS
9/9/2012,01,PITTSBURGH STEELERS,DENVER BRONCOS
9/9/2012,01,PITTSBURGH STEELERS,DENVER BRONCOS
9/9/2012,01,ST. LOUIS RAMS,DETROIT LIONS
9/9/2012,01,ST. LOUIS RAMS,DETROIT LIONS
9/9/2012,01,SAN FRANCISCO 49ERS,GREEN BAY PACKERS
9/9/2012,01,SAN FRANCISCO 49ERS,GREEN BAY PACKERS
9/9/2012,01,MIAMI DOLPHINS,HOUSTON TEXANS
9/9/2012,01,MIAMI DOLPHINS,HOUSTON TEXANS
9/9/2012,01,ATLANTA FALCONS,KANSAS CITY CHIEFS
9/9/2012,01,ATLANTA FALCONS,KANSAS CITY CHIEFS
9/9/2012,01,JACKSONVILLE JAGUARS,MINNESOTA VIKINGS
9/9/2012,01,JACKSONVILLE JAGUARS,MINNESOTA VIKINGS
9/9/2012,01,WASHINGTON REDSKINS,NEW ORLEANS SAINTS
9/9/2012,01,WASHINGTON REDSKINS,NEW ORLEANS SAINTS
9/9/2012,01,BUFFALO BILLS,NEW YORK JETS
9/9/2012,01,BUFFALO BILLS,NEW YORK JETS
9/9/2012,01,CAROLINA PANTHERS,TAMPA BAY BUCCANEERS
9/9/2012,01,CAROLINA PANTHERS,TAMPA BAY BUCCANEERS
9/9/2012,01,NEW ENGLAND PATRIOTS,TENNESSEE TITANS
9/9/2012,01,NEW ENGLAND PATRIOTS,TENNESSEE TITANS
9/10/2012,01,CINCINNATI BENGALS,BALTIMORE RAVENS
9/10/2012,01,CINCINNATI BENGALS,BALTIMORE RAVENS
9/10/2012,01,SAN DIEGO CHARGERS,OAKLAND RAIDERS
9/10/2012,01,SAN DIEGO CHARGERS,OAKLAND RAIDERS
9/13/2012,02,CHICAGO BEARS,GREEN BAY PACKERS
9/13/2012,02,CHICAGO BEARS,GREEN BAY PACKERS
9/16/2012,02,KANSAS CITY CHIEFS,BUFFALO BILLS
9/16/2012,02,KANSAS CITY CHIEFS,BUFFALO BILLS
9/16/2012,02,NEW ORLEANS SAINTS,CAROLINA PANTHERS
9/16/2012,02,NEW ORLEANS SAINTS,CAROLINA PANTHERS
9/16/2012,02,CLEVELAND BROWNS,CINCINNATI BENGALS
9/16/2012,02,CLEVELAND BROWNS,CINCINNATI BENGALS
9/16/2012,02,MINNESOTA VIKINGS,INDIANAPOLIS COLTS
9/16/2012,02,MINNESOTA VIKINGS,INDIANAPOLIS COLTS
9/16/2012,02,HOUSTON TEXANS,JACKSONVILLE JAGUARS
9/16/2012,02,HOUSTON TEXANS,JACKSONVILLE JAGUARS
9/16/2012,02,OAKLAND RAIDERS,MIAMI DOLPHINS
9/16/2012,02,OAKLAND RAIDERS,MIAMI DOLPHINS
9/16/2012,02,ARIZONA CARDINALS,NEW ENGLAND PATRIOTS
9/16/2012,02,ARIZONA CARDINALS,NEW ENGLAND PATRIOTS
9/16/2012,02,TAMPA BAY BUCCANEERS,NEW YORK GIANTS
9/16/2012,02,TAMPA BAY BUCCANEERS,NEW YORK GIANTS
9/16/2012,02,BALTIMORE RAVENS,PHILADELPHIA EAGLES
9/16/2012,02,BALTIMORE RAVENS,PHILADELPHIA EAGLES
9/16/2012,02,NEW YORK JETS,PITTSBURGH STEELERS
9/16/2012,02,NEW YORK JETS,PITTSBURGH STEELERS
9/16/2012,02,TENNESSEE TITANS,SAN DIEGO CHARGERS
9/16/2012,02,TENNESSEE TITANS,SAN DIEGO CHARGERS
9/16/2012,02,DETROIT LIONS,SAN FRANCISCO 49ERS
9/16/2012,02,DETROIT LIONS,SAN FRANCISCO 49ERS
9/16/2012,02,DALLAS COWBOYS,SEATTLE SEAHAWKS
9/16/2012,02,DALLAS COWBOYS,SEATTLE SEAHAWKS
9/16/2012,02,WASHINGTON REDSKINS,ST. LOUIS RAMS
9/16/2012,02,WASHINGTON REDSKINS,ST. LOUIS RAMS
9/17/2012,02,DENVER BRONCOS,ATLANTA FALCONS
9/17/2012,02,DENVER BRONCOS,ATLANTA FALCONS
9/20/2012,03,NEW YORK GIANTS,CAROLINA PANTHERS
9/20/2012,03,NEW YORK GIANTS,CAROLINA PANTHERS
9/23/2012,03,PHILADELPHIA EAGLES,ARIZONA CARDINALS
9/23/2012,03,PHILADELPHIA EAGLES,ARIZONA CARDINALS
9/23/2012,03,NEW ENGLAND PATRIOTS,BALTIMORE RAVENS
9/23/2012,03,NEW ENGLAND PATRIOTS,BALTIMORE RAVENS
9/23/2012,03,ST. LOUIS RAMS,CHICAGO BEARS
9/23/2012,03,ST. LOUIS RAMS,CHICAGO BEARS
9/23/2012,03,BUFFALO BILLS,CLEVELAND BROWNS
9/23/2012,03,BUFFALO BILLS,CLEVELAND BROWNS
9/23/2012,03,TAMPA BAY BUCCANEERS,DALLAS COWBOYS
9/23/2012,03,TAMPA BAY BUCCANEERS,DALLAS COWBOYS
9/23/2012,03,HOUSTON TEXANS,DENVER BRONCOS
9/23/2012,03,HOUSTON TEXANS,DENVER BRONCOS
9/23/2012,03,JACKSONVILLE JAGUARS,INDIANAPOLIS COLTS
9/23/2012,03,JACKSONVILLE JAGUARS,INDIANAPOLIS COLTS
9/23/2012,03,NEW YORK JETS,MIAMI DOLPHINS
9/23/2012,03,NEW YORK JETS,MIAMI DOLPHINS
9/23/2012,03,SAN FRANCISCO 49ERS,MINNESOTA VIKINGS
9/23/2012,03,SAN FRANCISCO 49ERS,MINNESOTA VIKINGS
9/23/2012,03,KANSAS CITY CHIEFS,NEW ORLEANS SAINTS
9/23/2012,03,KANSAS CITY CHIEFS,NEW ORLEANS SAINTS
9/23/2012,03,PITTSBURGH STEELERS,OAKLAND RAIDERS
9/23/2012,03,PITTSBURGH STEELERS,OAKLAND RAIDERS
9/23/2012,03,ATLANTA FALCONS,SAN DIEGO CHARGERS
9/23/2012,03,ATLANTA FALCONS,SAN DIEGO CHARGERS
9/23/2012,03,DETROIT LIONS,TENNESSEE TITANS
9/23/2012,03,DETROIT LIONS,TENNESSEE TITANS
9/23/2012,03,CINCINNATI BENGALS,WASHINGTON REDSKINS
9/23/2012,03,CINCINNATI BENGALS,WASHINGTON REDSKINS
9/24/2012,03,GREEN BAY PACKERS,SEATTLE SEAHAWKS
9/24/2012,03,GREEN BAY PACKERS,SEATTLE SEAHAWKS
9/27/2012,04,CLEVELAND BROWNS,BALTIMORE RAVENS
9/27/2012,04,CLEVELAND BROWNS,BALTIMORE RAVENS
9/30/2012,04,MIAMI DOLPHINS,ARIZONA CARDINALS
9/30/2012,04,MIAMI DOLPHINS,ARIZONA CARDINALS
9/30/2012,04,CAROLINA PANTHERS,ATLANTA FALCONS
9/30/2012,04,CAROLINA PANTHERS,ATLANTA FALCONS
9/30/2012,04,NEW ENGLAND PATRIOTS,BUFFALO BILLS
9/30/2012,04,NEW ENGLAND PATRIOTS,BUFFALO BILLS
9/30/2012,04,OAKLAND RAIDERS,DENVER BRONCOS
9/30/2012,04,OAKLAND RAIDERS,DENVER BRONCOS
9/30/2012,04,MINNESOTA VIKINGS,DETROIT LIONS
9/30/2012,04,MINNESOTA VIKINGS,DETROIT LIONS
9/30/2012,04,NEW ORLEANS SAINTS,GREEN BAY PACKERS
9/30/2012,04,NEW ORLEANS SAINTS,GREEN BAY PACKERS
9/30/2012,04,TENNESSEE TITANS,HOUSTON TEXANS
9/30/2012,04,TENNESSEE TITANS,HOUSTON TEXANS
9/30/2012,04,CINCINNATI BENGALS,JACKSONVILLE JAGUARS
9/30/2012,04,CINCINNATI BENGALS,JACKSONVILLE JAGUARS
9/30/2012,04,SAN DIEGO CHARGERS,KANSAS CITY CHIEFS
9/30/2012,04,SAN DIEGO CHARGERS,KANSAS CITY CHIEFS
9/30/2012,04,SAN FRANCISCO 49ERS,NEW YORK JETS
9/30/2012,04,SAN FRANCISCO 49ERS,NEW YORK JETS
9/30/2012,04,NEW YORK GIANTS,PHILADELPHIA EAGLES
9/30/2012,04,NEW YORK GIANTS,PHILADELPHIA EAGLES
9/30/2012,04,SEATTLE SEAHAWKS,ST. LOUIS RAMS
9/30/2012,04,SEATTLE SEAHAWKS,ST. LOUIS RAMS
9/30/2012,04,WASHINGTON REDSKINS,TAMPA BAY BUCCANEERS
9/30/2012,04,WASHINGTON REDSKINS,TAMPA BAY BUCCANEERS
10/1/2012,04,CHICAGO BEARS,DALLAS COWBOYS
10/1/2012,04,CHICAGO BEARS,DALLAS COWBOYS
10/4/2012,05,ARIZONA CARDINALS,ST. LOUIS RAMS
10/4/2012,05,ARIZONA CARDINALS,ST. LOUIS RAMS
10/7/2012,05,SEATTLE SEAHAWKS,CAROLINA PANTHERS
10/7/2012,05,SEATTLE SEAHAWKS,CAROLINA PANTHERS
10/7/2012,05,MIAMI DOLPHINS,CINCINNATI BENGALS
10/7/2012,05,MIAMI DOLPHINS,CINCINNATI BENGALS
10/7/2012,05,GREEN BAY PACKERS,INDIANAPOLIS COLTS
10/7/2012,05,GREEN BAY PACKERS,INDIANAPOLIS COLTS
10/7/2012,05,CHICAGO BEARS,JACKSONVILLE JAGUARS
10/7/2012,05,CHICAGO BEARS,JACKSONVILLE JAGUARS
10/7/2012,05,BALTIMORE RAVENS,KANSAS CITY CHIEFS
10/7/2012,05,BALTIMORE RAVENS,KANSAS CITY CHIEFS
10/7/2012,05,TENNESSEE TITANS,MINNESOTA VIKINGS
10/7/2012,05,TENNESSEE TITANS,MINNESOTA VIKINGS
10/7/2012,05,DENVER BRONCOS,NEW ENGLAND PATRIOTS
10/7/2012,05,DENVER BRONCOS,NEW ENGLAND PATRIOTS
10/7/2012,05,SAN DIEGO CHARGERS,NEW ORLEANS SAINTS
10/7/2012,05,SAN DIEGO CHARGERS,NEW ORLEANS SAINTS
10/7/2012,05,CLEVELAND BROWNS,NEW YORK GIANTS
10/7/2012,05,CLEVELAND BROWNS,NEW YORK GIANTS
10/7/2012,05,PHILADELPHIA EAGLES,PITTSBURGH STEELERS
10/7/2012,05,PHILADELPHIA EAGLES,PITTSBURGH STEELERS
10/7/2012,05,BUFFALO BILLS,SAN FRANCISCO 49ERS
10/7/2012,05,BUFFALO BILLS,SAN FRANCISCO 49ERS
10/7/2012,05,ATLANTA FALCONS,WASHINGTON REDSKINS
10/7/2012,05,ATLANTA FALCONS,WASHINGTON REDSKINS
10/8/2012,05,HOUSTON TEXANS,NEW YORK JETS
10/8/2012,05,HOUSTON TEXANS,NEW YORK JETS
10/11/2012,06,PITTSBURGH STEELERS,TENNESSEE TITANS
10/11/2012,06,PITTSBURGH STEELERS,TENNESSEE TITANS
10/14/2012,06,BUFFALO BILLS,ARIZONA CARDINALS
10/14/2012,06,BUFFALO BILLS,ARIZONA CARDINALS
10/14/2012,06,OAKLAND RAIDERS,ATLANTA FALCONS
10/14/2012,06,OAKLAND RAIDERS,ATLANTA FALCONS
10/14/2012,06,DALLAS COWBOYS,BALTIMORE RAVENS
10/14/2012,06,DALLAS COWBOYS,BALTIMORE RAVENS
10/14/2012,06,CINCINNATI BENGALS,CLEVELAND BROWNS
10/14/2012,06,CINCINNATI BENGALS,CLEVELAND BROWNS
10/14/2012,06,GREEN BAY PACKERS,HOUSTON TEXANS
10/14/2012,06,GREEN BAY PACKERS,HOUSTON TEXANS
10/14/2012,06,ST. LOUIS RAMS,MIAMI DOLPHINS
10/14/2012,06,ST. LOUIS RAMS,MIAMI DOLPHINS
10/14/2012,06,INDIANAPOLIS COLTS,NEW YORK JETS
10/14/2012,06,INDIANAPOLIS COLTS,NEW YORK JETS
10/14/2012,06,DETROIT LIONS,PHILADELPHIA EAGLES
10/14/2012,06,DETROIT LIONS,PHILADELPHIA EAGLES
10/14/2012,06,NEW YORK GIANTS,SAN FRANCISCO 49ERS
10/14/2012,06,NEW YORK GIANTS,SAN FRANCISCO 49ERS
10/14/2012,06,NEW ENGLAND PATRIOTS,SEATTLE SEAHAWKS
10/14/2012,06,NEW ENGLAND PATRIOTS,SEATTLE SEAHAWKS
10/14/2012,06,KANSAS CITY CHIEFS,TAMPA BAY BUCCANEERS
10/14/2012,06,KANSAS CITY CHIEFS,TAMPA BAY BUCCANEERS
10/14/2012,06,MINNESOTA VIKINGS,WASHINGTON REDSKINS
10/14/2012,06,MINNESOTA VIKINGS,WASHINGTON REDSKINS
10/15/2012,06,DENVER BRONCOS,SAN DIEGO CHARGERS
10/15/2012,06,DENVER BRONCOS,SAN DIEGO CHARGERS
10/18/2012,07,SEATTLE SEAHAWKS,SAN FRANCISCO 49ERS
10/18/2012,07,SEATTLE SEAHAWKS,SAN FRANCISCO 49ERS
10/21/2012,07,TENNESSEE TITANS,BUFFALO BILLS
10/21/2012,07,TENNESSEE TITANS,BUFFALO BILLS
10/21/2012,07,DALLAS COWBOYS,CAROLINA PANTHERS
10/21/2012,07,DALLAS COWBOYS,CAROLINA PANTHERS
10/21/2012,07,PITTSBURGH STEELERS,CINCINNATI BENGALS
10/21/2012,07,PITTSBURGH STEELERS,CINCINNATI BENGALS
10/21/2012,07,BALTIMORE RAVENS,HOUSTON TEXANS
10/21/2012,07,BALTIMORE RAVENS,HOUSTON TEXANS
10/21/2012,07,CLEVELAND BROWNS,INDIANAPOLIS COLTS
10/21/2012,07,CLEVELAND BROWNS,INDIANAPOLIS COLTS
10/21/2012,07,ARIZONA CARDINALS,MINNESOTA VIKINGS
10/21/2012,07,ARIZONA CARDINALS,MINNESOTA VIKINGS
10/21/2012,07,NEW YORK JETS,NEW ENGLAND PATRIOTS
10/21/2012,07,NEW YORK JETS,NEW ENGLAND PATRIOTS
10/21/2012,07,WASHINGTON REDSKINS,NEW YORK GIANTS
10/21/2012,07,WASHINGTON REDSKINS,NEW YORK GIANTS
10/21/2012,07,JACKSONVILLE JAGUARS,OAKLAND RAIDERS
10/21/2012,07,JACKSONVILLE JAGUARS,OAKLAND RAIDERS
10/21/2012,07,GREEN BAY PACKERS,ST. LOUIS RAMS
10/21/2012,07,GREEN BAY PACKERS,ST. LOUIS RAMS
10/21/2012,07,NEW ORLEANS SAINTS,TAMPA BAY BUCCANEERS
10/21/2012,07,NEW ORLEANS SAINTS,TAMPA BAY BUCCANEERS
10/22/2012,07,DETROIT LIONS,CHICAGO BEARS
10/22/2012,07,DETROIT LIONS,CHICAGO BEARS
10/25/2012,08,TAMPA BAY BUCCANEERS,MINNESOTA VIKINGS
10/25/2012,08,TAMPA BAY BUCCANEERS,MINNESOTA VIKINGS
10/28/2012,08,CAROLINA PANTHERS,CHICAGO BEARS
10/28/2012,08,CAROLINA PANTHERS,CHICAGO BEARS
10/28/2012,08,SAN DIEGO CHARGERS,CLEVELAND BROWNS
10/28/2012,08,SAN DIEGO CHARGERS,CLEVELAND BROWNS
10/28/2012,08,NEW YORK GIANTS,DALLAS COWBOYS
10/28/2012,08,NEW YORK GIANTS,DALLAS COWBOYS
10/28/2012,08,NEW ORLEANS SAINTS,DENVER BRONCOS
10/28/2012,08,NEW ORLEANS SAINTS,DENVER BRONCOS
10/28/2012,08,SEATTLE SEAHAWKS,DETROIT LIONS
10/28/2012,08,SEATTLE SEAHAWKS,DETROIT LIONS
10/28/2012,08,JACKSONVILLE JAGUARS,GREEN BAY PACKERS
10/28/2012,08,JACKSONVILLE JAGUARS,GREEN BAY PACKERS
10/28/2012,08,OAKLAND RAIDERS,KANSAS CITY CHIEFS
10/28/2012,08,OAKLAND RAIDERS,KANSAS CITY CHIEFS
10/28/2012,08,MIAMI DOLPHINS,NEW YORK JETS
10/28/2012,08,MIAMI DOLPHINS,NEW YORK JETS
10/28/2012,08,ATLANTA FALCONS,PHILADELPHIA EAGLES
10/28/2012,08,ATLANTA FALCONS,PHILADELPHIA EAGLES
10/28/2012,08,WASHINGTON REDSKINS,PITTSBURGH STEELERS
10/28/2012,08,WASHINGTON REDSKINS,PITTSBURGH STEELERS
10/28/2012,08,NEW ENGLAND PATRIOTS,ST. LOUIS RAMS
10/28/2012,08,NEW ENGLAND PATRIOTS,ST. LOUIS RAMS
10/28/2012,08,INDIANAPOLIS COLTS,TENNESSEE TITANS
10/28/2012,08,INDIANAPOLIS COLTS,TENNESSEE TITANS
10/29/2012,08,SAN FRANCISCO 49ERS,ARIZONA CARDINALS
10/29/2012,08,SAN FRANCISCO 49ERS,ARIZONA CARDINALS
11/1/2012,09,KANSAS CITY CHIEFS,SAN DIEGO CHARGERS
11/1/2012,09,KANSAS CITY CHIEFS,SAN DIEGO CHARGERS
11/4/2012,09,DALLAS COWBOYS,ATLANTA FALCONS
11/4/2012,09,DALLAS COWBOYS,ATLANTA FALCONS
11/4/2012,09,DENVER BRONCOS,CINCINNATI BENGALS
11/4/2012,09,DENVER BRONCOS,CINCINNATI BENGALS
11/4/2012,09,BALTIMORE RAVENS,CLEVELAND BROWNS
11/4/2012,09,BALTIMORE RAVENS,CLEVELAND BROWNS
11/4/2012,09,ARIZONA CARDINALS,GREEN BAY PACKERS
11/4/2012,09,ARIZONA CARDINALS,GREEN BAY PACKERS
11/4/2012,09,BUFFALO BILLS,HOUSTON TEXANS
11/4/2012,09,BUFFALO BILLS,HOUSTON TEXANS
11/4/2012,09,MIAMI DOLPHINS,INDIANAPOLIS COLTS
11/4/2012,09,MIAMI DOLPHINS,INDIANAPOLIS COLTS
11/4/2012,09,DETROIT LIONS,JACKSONVILLE JAGUARS
11/4/2012,09,DETROIT LIONS,JACKSONVILLE JAGUARS
11/4/2012,09,PITTSBURGH STEELERS,NEW YORK GIANTS
11/4/2012,09,PITTSBURGH STEELERS,NEW YORK GIANTS
11/4/2012,09,TAMPA BAY BUCCANEERS,OAKLAND RAIDERS
11/4/2012,09,TAMPA BAY BUCCANEERS,OAKLAND RAIDERS
11/4/2012,09,MINNESOTA VIKINGS,SEATTLE SEAHAWKS
11/4/2012,09,MINNESOTA VIKINGS,SEATTLE SEAHAWKS
11/4/2012,09,CHICAGO BEARS,TENNESSEE TITANS
11/4/2012,09,CHICAGO BEARS,TENNESSEE TITANS
11/4/2012,09,CAROLINA PANTHERS,WASHINGTON REDSKINS
11/4/2012,09,CAROLINA PANTHERS,WASHINGTON REDSKINS
11/5/2012,09,PHILADELPHIA EAGLES,NEW ORLEANS SAINTS
11/5/2012,09,PHILADELPHIA EAGLES,NEW ORLEANS SAINTS
11/8/2012,10,INDIANAPOLIS COLTS,JACKSONVILLE JAGUARS
11/8/2012,10,INDIANAPOLIS COLTS,JACKSONVILLE JAGUARS
11/11/2012,10,OAKLAND RAIDERS,BALTIMORE RAVENS
11/11/2012,10,OAKLAND RAIDERS,BALTIMORE RAVENS
11/11/2012,10,DENVER BRONCOS,CAROLINA PANTHERS
11/11/2012,10,DENVER BRONCOS,CAROLINA PANTHERS
11/11/2012,10,HOUSTON TEXANS,CHICAGO BEARS
11/11/2012,10,HOUSTON TEXANS,CHICAGO BEARS
11/11/2012,10,NEW YORK GIANTS,CINCINNATI BENGALS
11/11/2012,10,NEW YORK GIANTS,CINCINNATI BENGALS
11/11/2012,10,TENNESSEE TITANS,MIAMI DOLPHINS
11/11/2012,10,TENNESSEE TITANS,MIAMI DOLPHINS
11/11/2012,10,DETROIT LIONS,MINNESOTA VIKINGS
11/11/2012,10,DETROIT LIONS,MINNESOTA VIKINGS
11/11/2012,10,BUFFALO BILLS,NEW ENGLAND PATRIOTS
11/11/2012,10,BUFFALO BILLS,NEW ENGLAND PATRIOTS
11/11/2012,10,ATLANTA FALCONS,NEW ORLEANS SAINTS
11/11/2012,10,ATLANTA FALCONS,NEW ORLEANS SAINTS
11/11/2012,10,DALLAS COWBOYS,PHILADELPHIA EAGLES
11/11/2012,10,DALLAS COWBOYS,PHILADELPHIA EAGLES
11/11/2012,10,ST. LOUIS RAMS,SAN FRANCISCO 49ERS
11/11/2012,10,ST. LOUIS RAMS,SAN FRANCISCO 49ERS
11/11/2012,10,NEW YORK JETS,SEATTLE SEAHAWKS
11/11/2012,10,NEW YORK JETS,SEATTLE SEAHAWKS
11/11/2012,10,SAN DIEGO CHARGERS,TAMPA BAY BUCCANEERS
11/11/2012,10,SAN DIEGO CHARGERS,TAMPA BAY BUCCANEERS
11/12/2012,10,KANSAS CITY CHIEFS,PITTSBURGH STEELERS
11/12/2012,10,KANSAS CITY CHIEFS,PITTSBURGH STEELERS
11/15/2012,11,MIAMI DOLPHINS,BUFFALO BILLS
11/15/2012,11,MIAMI DOLPHINS,BUFFALO BILLS
11/18/2012,11,ARIZONA CARDINALS,ATLANTA FALCONS
11/18/2012,11,ARIZONA CARDINALS,ATLANTA FALCONS
11/18/2012,11,TAMPA BAY BUCCANEERS,CAROLINA PANTHERS
11/18/2012,11,TAMPA BAY BUCCANEERS,CAROLINA PANTHERS
11/18/2012,11,CLEVELAND BROWNS,DALLAS COWBOYS
11/18/2012,11,CLEVELAND BROWNS,DALLAS COWBOYS
11/18/2012,11,SAN DIEGO CHARGERS,DENVER BRONCOS
11/18/2012,11,SAN DIEGO CHARGERS,DENVER BRONCOS
11/18/2012,11,GREEN BAY PACKERS,DETROIT LIONS
11/18/2012,11,GREEN BAY PACKERS,DETROIT LIONS
11/18/2012,11,JACKSONVILLE JAGUARS,HOUSTON TEXANS
11/18/2012,11,JACKSONVILLE JAGUARS,HOUSTON TEXANS
11/18/2012,11,CINCINNATI BENGALS,KANSAS CITY CHIEFS
11/18/2012,11,CINCINNATI BENGALS,KANSAS CITY CHIEFS
11/18/2012,11,INDIANAPOLIS COLTS,NEW ENGLAND PATRIOTS
11/18/2012,11,INDIANAPOLIS COLTS,NEW ENGLAND PATRIOTS
11/18/2012,11,NEW ORLEANS SAINTS,OAKLAND RAIDERS
11/18/2012,11,NEW ORLEANS SAINTS,OAKLAND RAIDERS
11/18/2012,11,BALTIMORE RAVENS,PITTSBURGH STEELERS
11/18/2012,11,BALTIMORE RAVENS,PITTSBURGH STEELERS
11/18/2012,11,NEW YORK JETS,ST. LOUIS RAMS
11/18/2012,11,NEW YORK JETS,ST. LOUIS RAMS
11/18/2012,11,PHILADELPHIA EAGLES,WASHINGTON REDSKINS
11/18/2012,11,PHILADELPHIA EAGLES,WASHINGTON REDSKINS
11/19/2012,11,CHICAGO BEARS,SAN FRANCISCO 49ERS
11/19/2012,11,CHICAGO BEARS,SAN FRANCISCO 49ERS
11/22/2012,12,WASHINGTON REDSKINS,DALLAS COWBOYS
11/22/2012,12,WASHINGTON REDSKINS,DALLAS COWBOYS
11/22/2012,12,HOUSTON TEXANS,DETROIT LIONS
11/22/2012,12,HOUSTON TEXANS,DETROIT LIONS
11/22/2012,12,NEW ENGLAND PATRIOTS,NEW YORK JETS
11/22/2012,12,NEW ENGLAND PATRIOTS,NEW YORK JETS
11/25/2012,12,ST. LOUIS RAMS,ARIZONA CARDINALS
11/25/2012,12,ST. LOUIS RAMS,ARIZONA CARDINALS
11/25/2012,12,MINNESOTA VIKINGS,CHICAGO BEARS
11/25/2012,12,MINNESOTA VIKINGS,CHICAGO BEARS
11/25/2012,12,OAKLAND RAIDERS,CINCINNATI BENGALS
11/25/2012,12,OAKLAND RAIDERS,CINCINNATI BENGALS
11/25/2012,12,PITTSBURGH STEELERS,CLEVELAND BROWNS
11/25/2012,12,PITTSBURGH STEELERS,CLEVELAND BROWNS
11/25/2012,12,BUFFALO BILLS,INDIANAPOLIS COLTS
11/25/2012,12,BUFFALO BILLS,INDIANAPOLIS COLTS
11/25/2012,12,TENNESSEE TITANS,JACKSONVILLE JAGUARS
11/25/2012,12,TENNESSEE TITANS,JACKSONVILLE JAGUARS
11/25/2012,12,DENVER BRONCOS,KANSAS CITY CHIEFS
11/25/2012,12,DENVER BRONCOS,KANSAS CITY CHIEFS
11/25/2012,12,SEATTLE SEAHAWKS,MIAMI DOLPHINS
11/25/2012,12,SEATTLE SEAHAWKS,MIAMI DOLPHINS
11/25/2012,12,SAN FRANCISCO 49ERS,NEW ORLEANS SAINTS
11/25/2012,12,SAN FRANCISCO 49ERS,NEW ORLEANS SAINTS
11/25/2012,12,GREEN BAY PACKERS,NEW YORK GIANTS
11/25/2012,12,GREEN BAY PACKERS,NEW YORK GIANTS
11/25/2012,12,BALTIMORE RAVENS,SAN DIEGO CHARGERS
11/25/2012,12,BALTIMORE RAVENS,SAN DIEGO CHARGERS
11/25/2012,12,ATLANTA FALCONS,TAMPA BAY BUCCANEERS
11/25/2012,12,ATLANTA FALCONS,TAMPA BAY BUCCANEERS
11/26/2012,12,CAROLINA PANTHERS,PHILADELPHIA EAGLES
11/26/2012,12,CAROLINA PANTHERS,PHILADELPHIA EAGLES
11/29/2012,13,NEW ORLEANS SAINTS,ATLANTA FALCONS
11/29/2012,13,NEW ORLEANS SAINTS,ATLANTA FALCONS
12/2/2012,13,PITTSBURGH STEELERS,BALTIMORE RAVENS
12/2/2012,13,PITTSBURGH STEELERS,BALTIMORE RAVENS
12/2/2012,13,JACKSONVILLE JAGUARS,BUFFALO BILLS
12/2/2012,13,JACKSONVILLE JAGUARS,BUFFALO BILLS
12/2/2012,13,SEATTLE SEAHAWKS,CHICAGO BEARS
12/2/2012,13,SEATTLE SEAHAWKS,CHICAGO BEARS
12/2/2012,13,PHILADELPHIA EAGLES,DALLAS COWBOYS
12/2/2012,13,PHILADELPHIA EAGLES,DALLAS COWBOYS
12/2/2012,13,TAMPA BAY BUCCANEERS,DENVER BRONCOS
12/2/2012,13,TAMPA BAY BUCCANEERS,DENVER BRONCOS
12/2/2012,13,INDIANAPOLIS COLTS,DETROIT LIONS
12/2/2012,13,INDIANAPOLIS COLTS,DETROIT LIONS
12/2/2012,13,MINNESOTA VIKINGS,GREEN BAY PACKERS
12/2/2012,13,MINNESOTA VIKINGS,GREEN BAY PACKERS
12/2/2012,13,CAROLINA PANTHERS,KANSAS CITY CHIEFS
12/2/2012,13,CAROLINA PANTHERS,KANSAS CITY CHIEFS
12/2/2012,13,NEW ENGLAND PATRIOTS,MIAMI DOLPHINS
12/2/2012,13,NEW ENGLAND PATRIOTS,MIAMI DOLPHINS
12/2/2012,13,ARIZONA CARDINALS,NEW YORK JETS
12/2/2012,13,ARIZONA CARDINALS,NEW YORK JETS
12/2/2012,13,CLEVELAND BROWNS,OAKLAND RAIDERS
12/2/2012,13,CLEVELAND BROWNS,OAKLAND RAIDERS
12/2/2012,13,CINCINNATI BENGALS,SAN DIEGO CHARGERS
12/2/2012,13,CINCINNATI BENGALS,SAN DIEGO CHARGERS
12/2/2012,13,SAN FRANCISCO 49ERS,ST. LOUIS RAMS
12/2/2012,13,SAN FRANCISCO 49ERS,ST. LOUIS RAMS
12/2/2012,13,HOUSTON TEXANS,TENNESSEE TITANS
12/2/2012,13,HOUSTON TEXANS,TENNESSEE TITANS
12/3/2012,13,NEW YORK GIANTS,WASHINGTON REDSKINS
12/3/2012,13,NEW YORK GIANTS,WASHINGTON REDSKINS
12/6/2012,14,DENVER BRONCOS,OAKLAND RAIDERS
12/6/2012,14,DENVER BRONCOS,OAKLAND RAIDERS
12/9/2012,14,ST. LOUIS RAMS,BUFFALO BILLS
12/9/2012,14,ST. LOUIS RAMS,BUFFALO BILLS
12/9/2012,14,ATLANTA FALCONS,CAROLINA PANTHERS
12/9/2012,14,ATLANTA FALCONS,CAROLINA PANTHERS
12/9/2012,14,DALLAS COWBOYS,CINCINNATI BENGALS
12/9/2012,14,DALLAS COWBOYS,CINCINNATI BENGALS
12/9/2012,14,KANSAS CITY CHIEFS,CLEVELAND BROWNS
12/9/2012,14,KANSAS CITY CHIEFS,CLEVELAND BROWNS
12/9/2012,14,DETROIT LIONS,GREEN BAY PACKERS
12/9/2012,14,DETROIT LIONS,GREEN BAY PACKERS
12/9/2012,14,TENNESSEE TITANS,INDIANAPOLIS COLTS
12/9/2012,14,TENNESSEE TITANS,INDIANAPOLIS COLTS
12/9/2012,14,NEW YORK JETS,JACKSONVILLE JAGUARS
12/9/2012,14,NEW YORK JETS,JACKSONVILLE JAGUARS
12/9/2012,14,CHICAGO BEARS,MINNESOTA VIKINGS
12/9/2012,14,CHICAGO BEARS,MINNESOTA VIKINGS
12/9/2012,14,NEW ORLEANS SAINTS,NEW YORK GIANTS
12/9/2012,14,NEW ORLEANS SAINTS,NEW YORK GIANTS
12/9/2012,14,SAN DIEGO CHARGERS,PITTSBURGH STEELERS
12/9/2012,14,SAN DIEGO CHARGERS,PITTSBURGH STEELERS
12/9/2012,14,MIAMI DOLPHINS,SAN FRANCISCO 49ERS
12/9/2012,14,MIAMI DOLPHINS,SAN FRANCISCO 49ERS
12/9/2012,14,ARIZONA CARDINALS,SEATTLE SEAHAWKS
12/9/2012,14,ARIZONA CARDINALS,SEATTLE SEAHAWKS
12/9/2012,14,PHILADELPHIA EAGLES,TAMPA BAY BUCCANEERS
12/9/2012,14,PHILADELPHIA EAGLES,TAMPA BAY BUCCANEERS
12/9/2012,14,BALTIMORE RAVENS,WASHINGTON REDSKINS
12/9/2012,14,BALTIMORE RAVENS,WASHINGTON REDSKINS
12/10/2012,14,HOUSTON TEXANS,NEW ENGLAND PATRIOTS
12/10/2012,14,HOUSTON TEXANS,NEW ENGLAND PATRIOTS
12/13/2012,15,CINCINNATI BENGALS,PHILADELPHIA EAGLES
12/13/2012,15,CINCINNATI BENGALS,PHILADELPHIA EAGLES
12/16/2012,15,DETROIT LIONS,ARIZONA CARDINALS
12/16/2012,15,DETROIT LIONS,ARIZONA CARDINALS
12/16/2012,15,NEW YORK GIANTS,ATLANTA FALCONS
12/16/2012,15,NEW YORK GIANTS,ATLANTA FALCONS
12/16/2012,15,DENVER BRONCOS,BALTIMORE RAVENS
12/16/2012,15,DENVER BRONCOS,BALTIMORE RAVENS
12/16/2012,15,SEATTLE SEAHAWKS,BUFFALO BILLS
12/16/2012,15,SEATTLE SEAHAWKS,BUFFALO BILLS
12/16/2012,15,GREEN BAY PACKERS,CHICAGO BEARS
12/16/2012,15,GREEN BAY PACKERS,CHICAGO BEARS
12/16/2012,15,WASHINGTON REDSKINS,CLEVELAND BROWNS
12/16/2012,15,WASHINGTON REDSKINS,CLEVELAND BROWNS
12/16/2012,15,PITTSBURGH STEELERS,DALLAS COWBOYS
12/16/2012,15,PITTSBURGH STEELERS,DALLAS COWBOYS
12/16/2012,15,INDIANAPOLIS COLTS,HOUSTON TEXANS
12/16/2012,15,INDIANAPOLIS COLTS,HOUSTON TEXANS
12/16/2012,15,JACKSONVILLE JAGUARS,MIAMI DOLPHINS
12/16/2012,15,JACKSONVILLE JAGUARS,MIAMI DOLPHINS
12/16/2012,15,SAN FRANCISCO 49ERS,NEW ENGLAND PATRIOTS
12/16/2012,15,SAN FRANCISCO 49ERS,NEW ENGLAND PATRIOTS
12/16/2012,15,TAMPA BAY BUCCANEERS,NEW ORLEANS SAINTS
12/16/2012,15,TAMPA BAY BUCCANEERS,NEW ORLEANS SAINTS
12/16/2012,15,KANSAS CITY CHIEFS,OAKLAND RAIDERS
12/16/2012,15,KANSAS CITY CHIEFS,OAKLAND RAIDERS
12/16/2012,15,CAROLINA PANTHERS,SAN DIEGO CHARGERS
12/16/2012,15,CAROLINA PANTHERS,SAN DIEGO CHARGERS
12/16/2012,15,MINNESOTA VIKINGS,ST. LOUIS RAMS
12/16/2012,15,MINNESOTA VIKINGS,ST. LOUIS RAMS
12/17/2012,15,NEW YORK JETS,TENNESSEE TITANS
12/17/2012,15,NEW YORK JETS,TENNESSEE TITANS
12/22/2012,16,ATLANTA FALCONS,DETROIT LIONS
12/22/2012,16,ATLANTA FALCONS,DETROIT LIONS
12/23/2012,16,CHICAGO BEARS,ARIZONA CARDINALS
12/23/2012,16,CHICAGO BEARS,ARIZONA CARDINALS
12/23/2012,16,NEW YORK GIANTS,BALTIMORE RAVENS
12/23/2012,16,NEW YORK GIANTS,BALTIMORE RAVENS
12/23/2012,16,OAKLAND RAIDERS,CAROLINA PANTHERS
12/23/2012,16,OAKLAND RAIDERS,CAROLINA PANTHERS
12/23/2012,16,NEW ORLEANS SAINTS,DALLAS COWBOYS
12/23/2012,16,NEW ORLEANS SAINTS,DALLAS COWBOYS
12/23/2012,16,CLEVELAND BROWNS,DENVER BRONCOS
12/23/2012,16,CLEVELAND BROWNS,DENVER BRONCOS
12/23/2012,16,TENNESSEE TITANS,GREEN BAY PACKERS
12/23/2012,16,TENNESSEE TITANS,GREEN BAY PACKERS
12/23/2012,16,MINNESOTA VIKINGS,HOUSTON TEXANS
12/23/2012,16,MINNESOTA VIKINGS,HOUSTON TEXANS
12/23/2012,16,NEW ENGLAND PATRIOTS,JACKSONVILLE JAGUARS
12/23/2012,16,NEW ENGLAND PATRIOTS,JACKSONVILLE JAGUARS
12/23/2012,16,INDIANAPOLIS COLTS,KANSAS CITY CHIEFS
12/23/2012,16,INDIANAPOLIS COLTS,KANSAS CITY CHIEFS
12/23/2012,16,BUFFALO BILLS,MIAMI DOLPHINS
12/23/2012,16,BUFFALO BILLS,MIAMI DOLPHINS
12/23/2012,16,SAN DIEGO CHARGERS,NEW YORK JETS
12/23/2012,16,SAN DIEGO CHARGERS,NEW YORK JETS
12/23/2012,16,WASHINGTON REDSKINS,PHILADELPHIA EAGLES
12/23/2012,16,WASHINGTON REDSKINS,PHILADELPHIA EAGLES
12/23/2012,16,CINCINNATI BENGALS,PITTSBURGH STEELERS
12/23/2012,16,CINCINNATI BENGALS,PITTSBURGH STEELERS
12/23/2012,16,SAN FRANCISCO 49ERS,SEATTLE SEAHAWKS
12/23/2012,16,SAN FRANCISCO 49ERS,SEATTLE SEAHAWKS
12/23/2012,16,ST. LOUIS RAMS,TAMPA BAY BUCCANEERS
12/23/2012,16,ST. LOUIS RAMS,TAMPA BAY BUCCANEERS
12/30/2012,17,TAMPA BAY BUCCANEERS,ATLANTA FALCONS
12/30/2012,17,TAMPA BAY BUCCANEERS,ATLANTA FALCONS
12/30/2012,17,NEW YORK JETS,BUFFALO BILLS
12/30/2012,17,NEW YORK JETS,BUFFALO BILLS
12/30/2012,17,BALTIMORE RAVENS,CINCINNATI BENGALS
12/30/2012,17,BALTIMORE RAVENS,CINCINNATI BENGALS
12/30/2012,17,KANSAS CITY CHIEFS,DENVER BRONCOS
12/30/2012,17,KANSAS CITY CHIEFS,DENVER BRONCOS
12/30/2012,17,CHICAGO BEARS,DETROIT LIONS
12/30/2012,17,CHICAGO BEARS,DETROIT LIONS
12/30/2012,17,HOUSTON TEXANS,INDIANAPOLIS COLTS
12/30/2012,17,HOUSTON TEXANS,INDIANAPOLIS COLTS
12/30/2012,17,GREEN BAY PACKERS,MINNESOTA VIKINGS
12/30/2012,17,GREEN BAY PACKERS,MINNESOTA VIKINGS
12/30/2012,17,MIAMI DOLPHINS,NEW ENGLAND PATRIOTS
12/30/2012,17,MIAMI DOLPHINS,NEW ENGLAND PATRIOTS
12/30/2012,17,CAROLINA PANTHERS,NEW ORLEANS SAINTS
12/30/2012,17,CAROLINA PANTHERS,NEW ORLEANS SAINTS
12/30/2012,17,PHILADELPHIA EAGLES,NEW YORK GIANTS
12/30/2012,17,PHILADELPHIA EAGLES,NEW YORK GIANTS
12/30/2012,17,CLEVELAND BROWNS,PITTSBURGH STEELERS
12/30/2012,17,CLEVELAND BROWNS,PITTSBURGH STEELERS
12/30/2012,17,OAKLAND RAIDERS,SAN DIEGO CHARGERS
12/30/2012,17,OAKLAND RAIDERS,SAN DIEGO CHARGERS
12/30/2012,17,ARIZONA CARDINALS,SAN FRANCISCO 49ERS
12/30/2012,17,ARIZONA CARDINALS,SAN FRANCISCO 49ERS
12/30/2012,17,ST. LOUIS RAMS,SEATTLE SEAHAWKS
12/30/2012,17,ST. LOUIS RAMS,SEATTLE SEAHAWKS
12/30/2012,17,JACKSONVILLE JAGUARS,TENNESSEE TITANS
12/30/2012,17,JACKSONVILLE JAGUARS,TENNESSEE TITANS
12/30/2012,17,DALLAS COWBOYS,WASHINGTON REDSKINS
12/30/2012,17,DALLAS COWBOYS,WASHINGTON REDSKINS